{"cameraMode":{"drawMode":0,"name":"Shaded","section":"Shading Mode"},"sceneLighting":false,"audioPlay":false,"sceneViewState":{"showFog":true,"showMaterialUpdate":false,"showSkybox":false,"showFlares":true,"showImageEffects":true,"showParticleSystems":true},"in2DMode":false,"pivot":{"x":466.510009765625,"y":29.986000061035158,"z":493.1300048828125},"rotation":{"x":0.05502520129084587,"y":-0.8428031802177429,"z":0.08780752867460251,"w":0.5281524062156677},"size":22.0,"orthographic":false}